retriever,query,rank,score,announcement_id,title,region,provider,category,target_group_display,apply_end,summary
vector,지원사업이 들어간 공고 다 찾아줘,1,0.762696352413563,1,2026년 물산업 유망 해외프로젝트 발굴 지원사업 모집 공고,전국,기후에너지환경부,수출,중소기업,2026-05-08 00:00:00+00:00,"민관협력 해외진출 활성화를 위한 '2026년 유망 해외프로젝트 발굴 지원사업'을 다음과 같이 공고하오니, 참여를 희망하는 기업은 2026. 5. 8.(금) 18:00까지 신청하여 주시기 바랍니다. ☞ 「물산업진흥법」제2조제3호에 해당하는 중소 물기업 ☞ 해외 사업 발굴에 소요되는 국외활동비 등 직접경비 지원"
vector,지원사업이 들어간 공고 다 찾아줘,2,0.761751171706162,15,「2026년 민관협력 오픈이노베이션 지원사업」중견기업-스타트업 오픈이노베이션 수요기업 협업과제 모집공고,전국,중소벤처기업부장관,행사ㆍ네트워크,일반기업,2026-05-11 00:00:00+00:00,중견기업의 오픈이노베이션 참여를 활성화하고 스타트업과의 협력을 통한 동반 성장 지원을 위해 「2026년 민관협력 오픈이노베이션 지원사업」중견기업-스타트업 오픈이노베이션 수요기업을 다음과 같이 모집합니다.
vector,지원사업이 들어간 공고 다 찾아줘,3,0.759270034549677,2,2026년 민관협력 해외사업 현지화 지원사업 모집 공고,전국,기후에너지환경부,수출,중소기업,2026-05-08 00:00:00+00:00,"우수한 물기술과 역량을 보유한 중소기업과 공공부문이 민관협력체계를 구축하여, 물기업의 성공적인 해외사업 수행을 지원하는 '2026년 민관협력 해외사업 현지화 지원사업'을 다음과 같이 공고하오니, 참여를 희망하는 기업은 2026. 5. 8.(금) 18:00까지 신청하여 주시기 바랍니다. ☞ 물산업진흥법 제2조제3호에 해당하는 중소 물기업 ☞ 당해 총사업비 내"
vector,지원사업이 들어간 공고 다 찾아줘,4,0.757272013859446,12,울산시 바이오 디지털 헬스케어 글로벌 진출 지원 (2026 BIO USA 참관) 사업,울산광역시,울산과학기술원,글로벌,일반기업,2026-05-18 00:00:00+00:00,"울산지역 바이오‧디지털 헬스케어 기업의 글로벌 시장 진출을 지원하기 위해 BIO USA 2026 참 프로그램을 운영하오니, 관심 있는 창업팀 및 기업의 많은 신청 바랍니다. ※ 자세한 공고 내용 및 신청서 양식은 첨부파일을 참고하시기 바랍니다."
vector,지원사업이 들어간 공고 다 찾아줘,5,0.756702305855928,20,2026년 3D-FAB 크라우드펀딩 지원사업 참여 기업 모집,전국,3D프린팅혁신성장센터,판로ㆍ해외진출,일반인 · 대학생 · 연구기관 · 일반기업 · 1인 창조기업,2026-05-15 00:00:00+00:00,"3D-FAB은 과학기술정보통신부 소관의 정보통신산업진흥원에서 예비창업자, 스타트업, 중소기업을 위해 준비한 3D프린팅 기술 복합지원 공간입니다. 크라우드펀딩을 통한 3D프린팅 기술 활용기업의 성장 지원을 위해 3D-FAB(3D프린팅혁신성장센터)에서 [‘26년 3D-FAB 크라우드펀딩 지원사업]을 다음과 같이 공고 하오니 관심 있는 기업은 안내에 따라 신청하"
vector,지원사업이 들어간 공고 다 찾아줘,6,0.74937845974579,7,[경남] 2026년 서울국제식품산업대전 참가 지원사업 참가업체 모집 공고,경상남도,경남무역,내수,중소기업,2026-04-26 00:00:00+00:00,"도내 농수산물 관련 수출 중소기업을 대상으로 「2026 서울국제식품산업대전(Seoul Food 2026)」에 참가할 업체를 아래와 같이 모집하오니, 참가를 희망하는 업체는 신청하여 주시기 바랍니다. ☞ 경상남도에 본사 또는 공장을 둔 수출 중소기업(참가품목 대상) ☞ '2026 서울국제식품산업대전(Seoul Food 2026)' 부스임차 및 장치비 등 지원"
vector,지원사업이 들어간 공고 다 찾아줘,7,0.748858345634275,10,[서울] 2026년 보증연계 R&D 지원사업 공고(서울형 R&D 지원사업),서울특별시,서울경제진흥원,기술,중소기업,2026-05-15 00:00:00+00:00,"2026년 서울형 보증연계 R&D 지원사업을 다음과 같이 공고하오니 참여를 희망하는 서울 소재 중소기업 및 컨소시엄은 관련 규정과 절차에 따라 신청하여 주시기 바랍니다. ☞ 서울 소재지면서 기술보증기금의 서울형 BIRD 프로그램 1단계 추천기업(중소기업) ☞ 우수ㆍ유망기술 사업화를 위한 기술개발, 시제품 제작 및 시험인증 등 사업화 단계 지원 - 사업 TR"
vector,지원사업이 들어간 공고 다 찾아줘,8,0.745140204519782,13,2026년 서울시 소셜벤처 임팩트 측정 상담 신청 참여기업 모집(~5.15.),서울특별시,서울소셜벤처허브,사업화,일반기업 · 1인 창조기업,2026-05-15 00:00:00+00:00,서울소셜벤처허브에서는 서울시 소셜벤처기업이 창출하는 지속가능한 임팩트 측정과 보고서 지원을 통해 경쟁력과 임팩트를 강화하기 위해서 아래와 같이 참여기업을 모집하오니 관심 있는 기업의 많은 참여 바랍니다.
vector,지원사업이 들어간 공고 다 찾아줘,9,0.742862993600413,4,2026년 사회적가치지표(SVI) 측정기업 모집 공고,전국,고용노동부,창업,사회적기업,2026-10-15 00:00:00+00:00,"사회적기업이 창출하는 사회적ㆍ경제적 가치를 종합 측정ㆍ평가하는「사회적가치지표(SVI) 측정」사업에 참여할 기업을 다음과 같이 모집하오니, 관심 있는 기업의 많은 신청 바랍니다. ☞ (예비)사회적기업 및 사회적기업 성장지원센터 회원기업 ☞ 공공ㆍ민간기관 대상 홍보, 표창수여, 탁월 기업 네트워크 신설 등 지원 ※ 자세한 지원내용 공고문 참조"
vector,지원사업이 들어간 공고 다 찾아줘,10,0.734301964130675,14,제주창조경제혁신센터 글로벌 액셀러레이팅 프로그램 「시리즈 J 」 참여기업 모집,전국,제주창조경제혁신센터,글로벌,청소년 · 대학생 · 일반인 · 연구기관 · 일반기업 · 1인 창조기업,2026-05-08 00:00:00+00:00,제주창조경제혁신센터에서 스타트업의 성공적인 일본 진출과 성장을 지원하는 특화 액셀러레이팅 프로그램 「시리즈 J」에 참여할 스타트업을 모집합니다.
vector,지원사업이 들어간 공고 다 찾아줘,11,0.733471637051384,18,2026 지식재산 데이터 활용 창업 경진대회,전국,한국특허정보원,사업화,청소년 · 대학생 · 일반인 · 연구기관 · 일반기업 · 1인 창조기업,2026-06-11 00:00:00+00:00,지식재산처 지식재산 데이터(공공데이터)를 활용한 창의적인 아이디어와 신규 비즈니스 모델을 발굴하여 지원하는『2026 지식재산 데이터 활용 창업 경진대회』신청자 모집을 다음과 같이 공고합니다.
vector,지원사업이 들어간 공고 다 찾아줘,12,0.732781749904516,5,[강원] 2026~2027년 기업 AX실증 지원사업 수요기업 모집 공고(강원후평 AX 실증산단 구축사업),전국,산업통상부,기술,중소기업,2026-05-06 00:00:00+00:00,강원정보문화산업진흥원에서는 춘천 산업단지 내 바이오 분야 기업의 경쟁력 강화와 제조 공정 AX(AI Transformation) 촉진 및 확산을 위한 강원후평 AX 실증산단 구축사업의 일환으로 「기업 AX 실증지원 사업」을 추진하오니 관심 있는 기업의 많은 참여 바랍니다. ☞ 후평일반산업단지 및 연계산단 입주기업 - 춘천 내 산업단지 소재 기업 (제조 공장
vector,지원사업이 들어간 공고 다 찾아줘,13,0.732138154259852,11,2026년 5월 동네창업학교 교육생 모집 공고,전국,충남신용보증재단,창업교육,대학생 · 일반인 · 연구기관 · 일반기업 · 1인 창조기업,2026-05-11 00:00:00+00:00,충남신용보증재단에서 충남지역 청년 예비창업자와 중소기업 및 소상공인의 사업 역량 강화를 위해 2026년 5월 동네창업학교 교육생을 모집합니다.
vector,지원사업이 들어간 공고 다 찾아줘,14,0.730277802195969,3,[경북] 포항시 2026년 중소기업 인증획득 지원사업 지원기업 모집 공고,경상북도,포항테크노파크,기술,중소기업,2026-04-30 00:00:00+00:00,"포항시와 포항테크노파크는 지역 중소기업 신뢰도 제고를 통한 지속 가능한 경영환경 구축을 위하여 「2026년 포항시 중소기업 인증획득 지원사업」의 지원기업을 아래와 같이 모집하오니 많은 관심과 참여를 바랍니다. ☞ 포항시 내 본사 또는 공장등록이 되어 있는 중소기업 ☞ 인증획득에 소요되는 컨설팅비, 심사비 지원 - 품질경영시스템(ISO 9001) : 환경경영"
vector,지원사업이 들어간 공고 다 찾아줘,15,0.729407144815433,24,제주청년의 열린ㆍ공감 광장,제주특별자치도,제주특별자치도 청년정책담당관,참여･기반,대상 미확인,2026-12-31 00:00:00+00:00,"ㅇ 지원대상: 2026 제주청년원탁회의·제주청년주권회의 ㅇ 지원내용: 제주청년원탁회의·제주청년주권회의 청년위원들이 정책 언어로 구조화 하고 기존 정책과의 연계성, 실행 가능성, 재정·행정 여건 등을 종합적으로 고려한 정책을 제안하도록 지원 ㅇ 추진절차 - 청년위원 정책 발굴 → 전문가 컨설팅 → 소관부서 검토 → 정책제안서 확정 ※ 상기 추진절차는 시행 예"
vector,지원사업이 들어간 공고 다 찾아줘,16,0.724492877642851,19,창업On 희망On 아카데미 참여자 모집 공고,전국,경북창조경제혁신센터,멘토링ㆍ컨설팅ㆍ교육,대학생 · 일반인 · 1인 창조기업,2026-05-08 00:00:00+00:00,영덕군 지역자원을 활용한 창업 지원으로 지역경제 활성화를 도모하기 위한 『창업On 희망On 아카데미』참여자를 다음과 같이 모집합니다.
vector,지원사업이 들어간 공고 다 찾아줘,17,0.721668520370029,25,제주 청년주권회의 운영,제주특별자치도,제주특별자치도 청년정책담당관,참여･기반,대상 미확인,2026-12-31 00:00:00+00:00,"ㅇ 지원대상: 제주 청년원탁회의 분과장 ㅇ 지원내용: 청년원탁회의에서 청년문제 발굴 및 개선방안 모색, 청년참여예산 발굴 등 청년정책 제안에 대한 심의·의결기구 ㅇ 추진절차: 정책발굴 – 심의·의결 - 소관부서 타당성 검토 등 ㅇ 회의참석수당 지급 ※ 참여규모, 예산상황 등을 고려하여 참석수당 지급횟수 등은 변경될 수 있음 ㅇ 네트워킹 등을 위한 워크숍, "
vector,지원사업이 들어간 공고 다 찾아줘,18,0.717850985052514,6,2026년 우수 정보보호기술(제품ㆍ서비스) 지정제도 접수 공고,전국,과학기술정보통신부,기술,창업벤처,2026-05-15 00:00:00+00:00,"과학기술정보통신부에서는「정보보호산업의 진흥에 관한 법률」제18조(우수 정보보호기술등의 지정)에 의거 정보보호 기술ㆍ제품ㆍ서비스의 경쟁력 확보 및 시장 활성화 유도를 위하여 우수 정보보호 기술ㆍ제품ㆍ서비스를 보유한 벤처기업을 아래와 같이 공모 하오니 신청하여 주시기 바랍니다. ☞ 정보보호 벤처기업에서 제로트러스트, AI, 클라우드, 지능형 CCTV 등 혁신 "
vector,지원사업이 들어간 공고 다 찾아줘,19,0.710324169330687,9,[충북] 청주시 2026년 여성친화기업 모집 공고,충청북도,기초자치단체,기타,중소기업,2026-05-07 00:00:00+00:00,청주시는 여성친화기업 인증 제도를 통하여 여성의 고용안정과 일ㆍ생활 균형 등 여성친화기업환경 조성에 앞장서는 지역 내 우수기업을 선정ㆍ발굴하여 양성평등한 기업 문화를 확산하고자 「2026년 청주시 여성친화기업 모집」을 아래와 같이 공고합니다. ☞ 청주시 관내 근로자 5인 이상 ~ 300인 미만 기업 중 여성근로자가 30% 이상인 기업으로 여성이 일하기 좋은
vector,지원사업이 들어간 공고 다 찾아줘,20,0.710160298458616,8,[경북] 경주시 2026년 온라인 플랫폼 판로지원 온라인 기획전 참여업체 모집 공고,경상북도,경상북도경제진흥원,내수,중소기업,,"경주시와 (재)경상북도경제진흥원은 경주시 소재 소상공인 및 중소기업의 매출 증대, 온라인 판로 확대를 위해「온라인 기획전」사업을 다음과 같이 추진하오니, 많은 신청바랍니다. ☞ 경주시 소재 소상공인 또는 중소기업 ① 경주시 소재 사업자등록증 보유 ② 소상공인 또는 중소기업 확인서 보유 ③ 소비재(완제품) B2C 품목을 제조 또는 판매하는 업체 - 소비재 :"
